Index,MemberID,MeetingID,Group,Round,Level,TeamID
1,dan,1,1,1,6,
2,mikelennie,1,1,1,5,
3,dansingjoy,1,1,1,4,
4,jseymour,1,1,1,3,
5,jaytaylor-node,1,1,1,2,
6,timless,1,1,1,1,
7,darioconeden,1,2,1,6,
8,EOSMel,1,2,1,5,
9,amih,1,2,1,4,
10,nudimar,1,2,1,3,
11,wildwex,2,1,1,6,
12,chrisbarnes,2,1,1,5,
13,00,2,1,1,4,
14,douglasjames,2,1,1,3,
15,atma.love,2,1,1,2,
16,shakhruz,2,1,1,1,
17,chkmacdonald,2,2,1,6,
18,jseymour,2,2,1,5,
19,timless,2,2,1,4,
20,01,2,2,1,3,
21,02,2,2,1,2,
22,jessethan,2,3,1,6,
23,EOSMel,2,3,1,5,
24,jaytaylor-node,2,3,1,4,
25,lionflash,2,3,1,3,
26,03,2,3,1,2,
27,wakeupjohnny,2,3,1,1,
28,novacryptollc,2,4,1,6,
29,pnc,2,4,1,5,
30,mikelennie,2,4,1,4,
31,air-crypto,2,4,1,3,
32,recentchats,2,4,1,2,
33,doublewabbit,2,4,1,1,
34,bywire.com,2,5,1,6,
35,dphillippi,2,5,1,5,
36,tmess,2,5,1,4,
37,drew-bop,2,5,1,3,
38,lovejoy,2,5,1,2,
39,amih,2,6,1,6,
40,spencerhanson,2,6,1,5,
41,wigglesthe3r,2,6,1,4,
42,marty-be,2,6,1,3,
43,nudimar,2,6,1,2,
44,04,2,6,1,1,
45,dansingjoy,2,7,1,6,
46,mattlangston,2,7,1,5,
47,robrigo,2,7,1,4,
48,loyalnine313,2,7,1,3,
49,05,2,7,1,2,
50,06,2,7,1,1,
51,dan,2,8,1,6,
52,markstair,2,8,1,5,
53,hachtu,2,8,1,4,
54,larosenonaka,2,8,1,3,
55,vladislav.x,2,8,1,2,
56,berliangor,2,8,1,1,
57,douglasjames,3,1,1,6,
58,novacryptollc,3,1,1,5,
59,jseymour,3,1,1,4,
60,mattlangston,3,1,1,3,
61,pnc,3,1,1,2,
62,dan,3,2,1,6,
63,hachtu,3,2,1,5,
64,amih,3,2,1,4,
65,lionflash,3,2,1,3,
66,fractallymike,3,2,1,2,
67,mikelennie,3,3,1,6,
68,atma.love,3,3,1,5,
69,chrisbarnes,3,3,1,4,
70,2luminaries1,3,3,1,3,
71,amethystwizo,3,3,1,2,
72,jessethan,3,4,1,6,
73,deniscarrier,3,4,1,5,
74,headwatersfc,3,4,1,4,
75,wildwex,3,4,1,3,
76,neuron.gm,3,4,1,2,
77,drwu,3,4,1,1,
78,dansingjoy,3,5,1,6,
79,beanz,3,5,1,5,
80,machnbirdsparo,3,5,1,4,
81,wigglesthe3r,3,5,1,3,
82,eoschadrickm,3,5,1,2,
83,shakhruz,3,6,1,6,
84,jaytaylor-node,3,6,1,5,
85,spencerhanson,3,6,1,4,
86,dphillippi,3,6,1,3,
87,nudimar,3,6,1,2,
88,drew-bop,3,6,1,1,
89,chkmacdonald,3,7,1,6,
90,bishop3dcrea,3,7,1,5,
91,air-crypto,3,7,1,4,
92,recentchats,3,7,1,3,
93,timless,3,7,1,2,
94,gokulnk,3,7,1,1,
95,doingitright,4,1,1,6,
96,dan,4,1,1,5,
97,jessethan,4,1,1,4,
98,jaytaylor-node,4,1,1,3,
99,dphillippi,4,1,1,2,
100,markstair,4,1,1,1,
101,fractallymike,4,2,1,6,
102,jseymour,4,2,1,5,
103,pnc,4,2,1,4,
104,novacryptollc,4,2,1,3,
105,machnbirdsparo,4,2,1,2,
106,lionflash,4,2,1,1,
107,shakhruz,4,3,1,6,
108,dansingjoy,4,3,1,5,
109,mattlangston,4,3,1,4,
110,douglasjames,4,3,1,3,
111,air-crypto,4,3,1,2,
112,chrisbarnes,4,4,1,6,
113,mikelennie,4,4,1,5,
114,marty-be,4,4,1,4,
115,zhenek,4,4,1,3,
116,recentchats,4,4,1,2,
117,fokenfa,4,4,1,1,
118,wildwex,4,5,1,6,
119,gavrielshaw,4,5,1,5,
120,headwatersfc,4,5,1,4,
121,eoscrafati22,4,5,1,3,
122,gokulnk,4,5,1,2,
123,hachtu,4,6,1,6,
124,amih,4,6,1,5,
125,spencerhanson,4,6,1,4,
126,drew-bop,4,6,1,3,
127,daodejing,4,6,1,2,
128,fractallymike,5,1,1,6,1
129,shakhruz,5,1,1,5,
130,atma.love,5,1,1,4,
131,lionflash,5,1,1,3,
132,timless,5,1,1,2,
133,doingitright,5,2,1,6,1
134,jaytaylor-node,5,2,1,5,
135,dphillippi,5,2,1,4,
136,marty-be,5,2,1,3,
137,menoski,5,2,1,2,
138,wildwex,5,3,1,6,1
139,daodejing,5,3,1,5,
140,bishop3dcrea,5,3,1,4,
141,sagarmathanp,5,3,1,3,
142,douglasjames,5,3,1,2,
143,mikelennie,5,3,1,1,
144,markstair,5,4,1,6,
145,dansingjoy,5,4,1,5,
146,chrisbarnes,5,4,1,4,
147,gokulnk,5,4,1,3,
148,iamsubbu,5,4,1,2,
149,fokenfa,5,4,1,1,
150,val,5,5,1,6,1
151,jseymour,5,5,1,5,
152,amih,5,5,1,4,
153,mattlangston,5,5,1,3,
154,drew-bop,5,5,1,2,
155,sim31,5,5,1,1,
156,thomashallgren,5,6,1,6,1
157,dan,5,6,1,5,1
158,cryptokens,5,6,1,4,
159,pnc,5,6,1,3,
160,rimantas,5,6,1,2,
161,douglasjames,6,1,1,6,
162,atma.love,6,1,1,5,
163,exodius,6,1,1,4,
164,norsegaud,6,1,1,3,
165,kentbull,6,1,1,2,
166,hachtu,6,2,1,6,
167,novacryptollc,6,2,1,5,
168,machnbirdsparo,6,2,1,4,
169,markstair,6,2,1,3,
170,gokulnk,6,2,1,2,
171,rimantas,6,2,1,1,
172,wildwex,6,3,1,6,1
173,jamesmart,6,3,1,5,1
174,shakhruz,6,3,1,4,
175,pnc,6,3,1,3,
176,mattlangston,6,3,1,2,
177,cryptokens,6,3,1,1,
178,dan,6,4,1,6,1
179,daodejing,6,4,1,5,
180,sim31,6,4,1,4,
181,SamaraShaw,6,4,1,3,
182,densteem,6,4,1,2,
183,jessethan,6,5,1,6,
184,drew-bop,6,5,1,5,
185,dphillippi,6,5,1,4,
186,lionflash,6,5,1,3,
187,brspma,6,5,1,2,
188,dansingjoy,6,6,1,6,
189,sagarmathanp,6,6,1,5,
190,jseymour,6,6,1,4,
191,drwu,6,6,1,3,
192,mikelennie,6,6,1,2,
193,dbee,6,6,1,1,
194,fractallymike,6,7,1,6,1
195,val,6,7,1,5,1
196,jaytaylor-node,6,7,1,4,
197,spencerhanson,6,7,1,3,
198,nudimar,6,7,1,2,
199,davidelvion3,6,7,1,1,
200,jseymour,7,1,1,6,
201,machnbirdsparo,7,1,1,5,
202,douglasjames,7,1,1,4,
203,dphillippi,7,1,1,3,
204,cryptosasuke,7,1,1,2,
205,EOSMel,7,1,1,1,
206,val,7,2,1,6,1
207,wildwex,7,2,1,5,1
208,bishop3dcrea,7,2,1,4,
209,novacryptollc,7,2,1,3,
210,chriswaxa,7,2,1,2,
211,dan,7,3,1,6,1
212,thomashallgren,7,3,1,5,1
213,mattlangston,7,3,1,4,
214,shakhruz,7,3,1,3,
215,nathanielherman,7,3,1,2,
216,markstair,7,3,1,1,
217,dansingjoy,7,4,1,6,
218,lionflash,7,4,1,5,
219,sim31,7,4,1,4,
220,atma.love,7,4,1,3,
221,timless,7,4,1,2,
222,doingitright,7,5,1,6,1
223,hachtu,7,5,1,5,
224,jaytaylor-node,7,5,1,4,
225,aguerrido,7,5,1,3,
226,gokulnk,7,5,1,2,
227,marty-be,7,5,1,1,
228,drew-bop,7,6,1,6,
229,pnc,7,6,1,5,
230,nudimar,7,6,1,4,
231,drwu,7,6,1,3,
232,spencerhanson,7,6,1,2,
233,thomashallgren,8,1,1,6,1
234,sagarmathanp,8,1,1,5,
235,shakhruz,8,1,1,4,2
236,mattlangston,8,1,1,3,
237,tmess,8,1,1,2,
238,berliangor,8,1,1,1,
239,douglasjames,8,2,1,6,
240,machnbirdsparo,8,2,1,5,2
241,pnc,8,2,1,4,
242,fokenfa,8,2,1,3,
243,lionflash,8,2,1,2,
244,jseymour,8,3,1,6,
245,val,8,3,1,5,1
246,sim31,8,3,1,4,
247,drwu,8,3,1,3,2
248,jaytaylor-node,8,3,1,2,
249,rimantas,8,3,1,1,
250,dan,8,4,1,6,1
251,wildwex,8,4,1,5,1
252,hachtu,8,4,1,4,2
253,gokulnk,8,4,1,3,
254,EOSMel,8,4,1,2,
255,dphillippi,8,4,1,1,
256,dansingjoy,8,5,1,6,
257,novacryptollc,8,5,1,5,
258,bishop3dcrea,8,5,1,4,
259,amih,8,5,1,3,
260,mikelennie,8,5,1,2,
261,bishop3dcrea,9,1,1,6,
262,daodejing,9,1,1,5,
263,lionflash,9,1,1,4,
264,pnc,9,1,1,3,
265,timless,9,1,1,2,
266,gonflosca,9,1,1,1,2
267,dansingjoy,9,2,1,6,
268,jseymour,9,2,1,5,
269,fractallymike,9,2,1,4,1
270,thomashallgren,9,2,1,3,1
271,douglasjames,9,2,1,2,
272,machnbirdsparo,9,2,1,1,2
273,wildwex,9,3,1,6,1
274,jessethan,9,3,1,5,
275,sim31,9,3,1,4,
276,mattlangston,9,3,1,3,
277,amih,9,3,1,2,
278,nathanielherman,9,3,1,1,
279,jamesmart,9,4,1,6,1
280,dphillippi,9,4,1,5,
281,drwu,9,4,1,4,2
282,mikelennie,9,4,1,3,
283,jaytaylor-node,9,4,1,2,
284,nudimar,9,4,1,1,
285,val,9,5,1,6,1
286,hachtu,9,5,1,5,2
287,doingitright,9,5,1,4,1
288,novacryptollc,9,5,1,3,
289,recentchats,9,5,1,2,
290,stan,10,1,1,6,
291,nathanielherman,10,1,1,5,
292,cryptokens,10,1,1,4,
293,tmess,10,1,1,3,
294,jaytaylor-node,10,1,1,2,
295,shakhruz,10,1,1,1,2
296,dan,10,2,1,6,1
297,bishop3dcrea,10,2,1,5,
298,amih,10,2,1,4,
299,rocogg,10,2,1,3,
300,air-crypto,10,2,1,2,
301,thomashallgren,10,3,1,6,1
302,jamesmart,10,3,1,5,1
303,pnc,10,3,1,4,
304,val,10,3,1,3,1
305,fokenfa,10,3,1,2,
306,douglasjames,10,4,1,6,
307,johnjwilliamson,10,4,1,5,
308,gonflosca,10,4,1,4,2
309,sim31,10,4,1,3,
310,harketypes,10,4,1,2,
311,wildwex,10,5,1,6,1
312,dphillippi,10,5,1,5,
313,mattlangston,10,5,1,4,
314,machnbirdsparo,10,5,1,3,2
315,lionflash,10,5,1,2,
316,doingitright,10,6,1,6,1
317,novacryptollc,10,6,1,5,
318,hachtu,10,6,1,4,2
319,mikelennie,10,6,1,3,
320,berliangor,10,6,1,2,
321,davidelvion3,10,6,1,1,
322,daodejing,10,7,1,6,
323,markstair,10,7,1,5,
324,dansingjoy,10,7,1,4,
325,nudimar,10,7,1,3,
326,drwu,10,7,1,2,2
327,jseymour,10,7,1,1,
328,wildwex,11,1,1,6,1
329,pnc,11,1,1,5,
330,aguerrido,11,1,1,4,
331,dphillippi,11,1,1,3,
332,nudimar,11,1,1,2,
333,stan,11,2,1,6,3
334,thomashallgren,11,2,1,5,1
335,gokulnk,11,2,1,4,
336,jrichardliston,11,2,1,3,
337,cacxyz,11,2,1,2,
338,dan,11,3,1,6,1
339,dansingjoy,11,3,1,5,
340,lionflash,11,3,1,4,
341,drwu,11,3,1,3,2
342,tmess,11,3,1,2,3
343,jessethan,11,4,1,6,
344,novacryptollc,11,4,1,5,
345,amih,11,4,1,4,
346,machnbirdsparo,11,4,1,3,2
347,daodejing,11,4,1,2,
348,gonflosca,11,5,1,6,2
349,mikelennie,11,5,1,5,
350,sim31,11,5,1,4,
351,nathanielherman,11,5,1,3,
352,cryptokens,11,5,1,2,
353,nouser,11,5,1,1,
354,berliangor,11,6,1,6,
355,jseymour,11,6,1,5,
356,jamesmart,11,6,1,4,1
357,jaytaylor-node,11,6,1,3,3
358,douglasjames,11,6,1,2,
359,willspatrick,11,6,1,1,
360,dan,12,1,1,6,1
361,mattlangston,12,1,1,5,
362,dansingjoy,12,1,1,4,
363,gonflosca,12,1,1,3,2
364,nathanielherman,12,1,1,2,
365,douglasjames,12,1,1,1,
366,johnjwilliamson,12,2,1,6,
367,wildwex,12,2,1,5,1
368,pnc,12,2,1,4,4
369,lionflash,12,2,1,3,
370,fokenfa,12,2,1,2,
371,hachtu,12,3,1,6,2
372,atma.love,12,3,1,5,
373,berliangor,12,3,1,4,
374,amih,12,3,1,3,
375,mikelennie,12,3,1,2,
376,sim31,12,3,1,1,
377,novacryptollc,12,4,1,6,
378,daodejing,12,4,1,5,
379,jaytaylor-node,12,4,1,4,3
380,jrichardliston,12,4,1,3,
381,highsteam1900,12,4,1,2,
382,grahappa,12,4,1,1,
383,val,12,5,1,6,1
384,jseymour,12,5,1,5,
385,machnbirdsparo,12,5,1,4,2
386,cryptokens,12,5,1,3,
387,nudimar,12,5,1,2,
388,cacxyz,12,5,1,1,
389,doingitright,12,6,1,6,1
390,dphillippi,12,6,1,5,
391,tmess,12,6,1,4,3
392,shakhruz,12,6,1,3,2
393,drwu,12,6,1,2,2
394,drew-bop,12,6,1,1,
395,sim31,13,1,1,6,
396,pnc,13,1,1,5,4
397,lionflash,13,1,1,4,
398,novacryptollc,13,1,1,3,
399,machnbirdsparo,13,1,1,2,2
400,recentchats,13,1,1,1,
401,mattlangston,13,2,1,6,
402,thomashallgren,13,2,1,5,1
403,stan,13,2,1,4,3
404,daodejing,13,2,1,3,
405,douglasjames,13,2,1,2,
406,hahn.ryu,13,2,1,1,
407,fractallymike,13,3,1,6,1
408,jseymour,13,3,1,5,
409,tmess,13,3,1,4,3
410,jaytaylor-node,13,3,1,3,3
411,mikelennie,13,3,1,2,
412,highsteam1900,13,3,1,1,
413,dphillippi,13,4,1,6,
414,drew-bop,13,4,1,5,
415,bishop3dcrea,13,4,1,4,4
416,berliangor,13,4,1,3,
417,sethatboid,13,4,1,2,
418,aguerrido,13,4,1,1,
419,dan,13,5,1,6,1
420,jamesmart,13,5,1,5,1
421,dansingjoy,13,5,1,4,
422,gonflosca,13,5,1,3,2
423,gavrielshaw,13,5,1,2,
424,doingitright,13,6,1,6,1
425,drwu,13,6,1,5,2
426,wildwex,13,6,1,4,1
427,hachtu,13,6,1,3,2
428,val,13,6,1,2,1
429,shakhruz,13,6,1,1,2
430,val,14,1,1,6,1
431,thomashallgren,14,1,1,5,1
432,fractallymike,14,1,1,4,1
433,pnc,14,1,1,3,4
434,douglasjames,14,1,1,2,
435,shakhruz,14,1,1,1,2
436,berliangor,14,2,1,6,
437,tmess,14,2,1,5,3
438,lionflash,14,2,1,4,
439,dansingjoy,14,2,1,3,
440,machnbirdsparo,14,2,1,2,2
441,jaytaylor-node,14,2,1,1,3
442,dan,14,3,1,6,1
443,wildwex,14,3,1,5,1
444,novacryptollc,14,3,1,4,
445,sim31,14,3,1,3,
446,highsteam1900,14,3,1,2,
447,recentchats,14,3,1,1,
448,doingitright,14,4,1,6,1
449,amih,14,4,1,5,
450,aguerrido,14,4,1,4,
451,westreich,14,4,1,3,
452,cacxyz,14,4,1,2,
453,anthonyrivers,14,4,1,1,
454,hachtu,14,5,1,6,2
455,jseymour,14,5,1,5,
456,grahappa,14,5,1,4,
457,dphillippi,14,5,1,3,
458,michaelx,14,5,1,2,3
459,mikelennie,14,5,1,1,
460,mattlangston,14,6,1,6,
461,jamesmart,14,6,1,5,1
462,gonflosca,14,6,1,4,2
463,daodejing,14,6,1,3,
464,stan,14,6,1,2,3
465,aireck1,14,6,1,1,
466,lionflash,15,1,1,6,
467,jseymour,15,1,1,5,
468,pnc,15,1,1,4,4
469,recentchats,15,1,1,3,
470,drew-bop,15,1,1,2,
471,drwu,15,1,1,1,2
472,dan,15,2,1,6,1
473,thomashallgren,15,2,1,5,1
474,dansingjoy,15,2,1,4,
475,novacryptollc,15,2,1,3,
476,mikelennie,15,2,1,2,
477,jaytaylor-node,15,2,1,1,3
478,westreich,15,3,1,6,
479,doingitright,15,3,1,5,1
480,jamesmart,15,3,1,4,1
481,wildwex,15,3,1,3,1
482,fractallymike,15,3,1,2,1
483,val,15,3,1,1,1
484,hachtu,15,4,1,6,2
485,gonflosca,15,4,1,5,2
486,machnbirdsparo,15,4,1,4,2
487,dphillippi,15,4,1,3,
488,khoja,15,4,1,2,
489,shakhruz,15,5,1,6,2
490,daodejing,15,5,1,5,
491,aguerrido,15,5,1,4,
492,timless,15,5,1,3,
493,cacxyz,15,5,1,2,
494,nudimar,15,5,1,1,
495,mattlangston,15,6,1,6,
496,stan,15,6,1,5,3
497,bishop3dcrea,15,6,1,4,4
498,sim31,15,6,1,3,
499,highsteam1900,15,6,1,2,
500,cryptokens,15,6,1,1,
501,hachtu,16,1,1,6,2
502,pnc,16,1,1,5,4
503,gonflosca,16,1,1,4,2
504,stan,16,1,1,3,3
505,dan,16,1,1,2,1
506,davidelvion3,16,1,1,1,
507,wildwex,16,2,1,6,1
508,mattlangston,16,2,1,5,
509,bishop3dcrea,16,2,1,4,4
510,highsteam1900,16,2,1,3,
511,gokulnk,16,2,1,2,
512,topobadger,16,2,1,1,
513,shakhruz,16,3,1,6,2
514,daodejing,16,3,1,5,
515,amih,16,3,1,4,
516,sim31,16,3,1,3,
517,mikelennie,16,3,1,2,
518,zeos,16,3,1,1,
519,jseymour,16,4,1,6,
520,westreich,16,4,1,5,
521,jaytaylor-node,16,4,1,4,3
522,berliangor,16,4,1,3,
523,nudimar,16,4,1,2,
524,khoja,16,4,1,1,
525,dansingjoy,16,5,1,6,
526,lionflash,16,5,1,5,
527,recentchats,16,5,1,4,
528,machnbirdsparo,16,5,1,3,2
529,cacxyz,16,5,1,2,
530,drew-bop,16,5,1,1,
531,thomashallgren,16,6,1,6,1
532,novacryptollc,16,6,1,5,
533,dphillippi,16,6,1,4,2
534,fokenfa,16,6,1,3,
535,oldtimer,16,6,1,2,
536,linusdao1,16,6,1,1,
537,drwu,16,7,1,6,2
538,fractallymike,16,7,1,5,1
539,jamesmart,16,7,1,4,1
540,aguerrido,16,7,1,3,
541,cryptokens,16,7,1,2,
542,dan1am,16,7,1,1,
543,dan,17,1,1,6,1
544,drwu,17,1,1,5,2
545,jaytaylor-node,17,1,1,4,3
546,novacryptollc,17,1,1,3,
547,sim31,17,1,1,2,
548,mikelennie,17,1,1,1,
549,dphillippi,17,2,1,6,2
550,shakhruz,17,2,1,5,2
551,pnc,17,2,1,4,4
552,zeos,17,2,1,3,
553,sagarmathanp,17,2,1,2,
554,timless,17,2,1,1,
555,doingitright,17,3,1,6,1
556,jamesmart,17,3,1,5,1
557,aguerrido,17,3,1,4,
558,stan,17,3,1,3,3
559,cacxyz,17,3,1,2,
560,cryptofit62,17,3,1,1,
561,val,17,4,1,6,1
562,lionflash,17,4,1,5,
563,gonflosca,17,4,1,4,2
564,mattlangston,17,4,1,3,
565,khoja,17,4,1,2,
566,jseymour,17,4,1,1,
567,dansingjoy,17,5,1,6,
568,tmess,17,5,1,5,3
569,hachtu,17,5,1,4,2
570,daodejing,17,5,1,3,
571,recentchats,17,5,1,2,
572,dan1am,17,5,1,1,
573,fractallymike,17,6,1,6,1
574,wildwex,17,6,1,5,1
575,westreich,17,6,1,4,
576,highsteam1900,17,6,1,3,3
577,drew-bop,17,6,1,2,
578,fokenfa,17,6,1,1,
579,wildwex,18,1,1,6,1
580,amih,18,1,1,5,
581,markus,18,1,1,4,
582,novacryptollc,18,1,1,3,
583,mikelennie,18,1,1,2,
584,jaytaylor-node,18,1,1,1,3
585,fractallymike,18,2,1,6,1
586,mattlangston,18,2,1,5,
587,hachtu,18,2,1,4,2
588,drwu,18,2,1,3,2
589,daodejing,18,2,1,2,
590,khoja,18,2,1,1,
591,dphillippi,18,3,1,6,2
592,sagarmathanp,18,3,1,5,
593,shakhruz,18,3,1,4,2
594,aguerrido,18,3,1,3,
595,gonflosca,18,3,1,2,2
596,cacxyz,18,3,1,1,
597,thomashallgren,18,4,1,6,1
598,jamesmart,18,4,1,5,1
599,dansingjoy,18,4,1,4,
600,westreich,18,4,1,3,
601,machnbirdsparo,18,4,1,2,2
602,dan,18,5,1,6,1
603,tmess,18,5,1,5,3
604,berliangor,18,5,1,4,
605,jessethan,18,5,1,3,
606,drew-bop,18,5,1,2,
607,jseymour,18,6,1,6,
608,val,18,6,1,5,1
609,doingitright,18,6,1,4,1
610,bishop3dcrea,18,6,1,3,4
611,timless,18,6,1,2,
612,gokulnk,18,6,1,1,
613,pnc,18,7,1,6,4
614,zeos,18,7,1,5,
615,stan,18,7,1,4,3
616,lionflash,18,7,1,3,
617,dan1am,18,7,1,2,
618,highsteam1900,18,7,1,1,3
619,fractallymike,19,1,1,6,1
620,stan,19,1,1,5,3
621,pnc,19,1,1,4,4
622,grahappa,19,1,1,3,
623,nudimar,19,1,1,2,
624,EOSMel,19,1,1,1,
625,dan,19,2,1,6,1
626,lionflash,19,2,1,5,
627,marconamaste,19,2,1,4,
628,sim31,19,2,1,3,
629,aguerrido,19,2,1,2,
630,wildwex,19,3,1,6,1
631,westreich,19,3,1,5,
632,machnbirdsparo,19,3,1,4,2
633,recentchats,19,3,1,3,
634,cacxyz,19,3,1,2,
635,thomashallgren,19,4,1,6,1
636,dphillippi,19,4,1,5,2
637,hachtu,19,4,1,4,2
638,highsteam1900,19,4,1,3,3
639,zeos,19,4,1,2,
640,berliangor,19,4,1,1,
641,mattlangston,19,5,1,6,
642,val,19,5,1,5,1
643,amih,19,5,1,4,
644,gonflosca,19,5,1,3,2
645,jasongeringer,19,5,1,2,
646,jaytaylor-node,19,6,1,6,3
647,shakhruz,19,6,1,5,2
648,markstair,19,6,1,4,
649,jseymour,19,6,1,3,
650,mikelennie,19,6,1,2,
651,drew-bop,19,6,1,1,
652,fractallymike,20,1,1,6,1
653,pnc,20,1,1,5,4
654,dansingjoy,20,1,1,4,
655,drew-bop,20,1,1,3,
656,jseymour,20,1,1,2,
657,novacryptollc,20,1,1,1,
658,stan,20,2,1,6,3
659,machnbirdsparo,20,2,1,5,2
660,hachtu,20,2,1,4,2
661,sim31,20,2,1,3,
662,fokenfa,20,2,1,2,
663,dan,20,3,1,6,1
664,wildwex,20,3,1,5,1
665,highsteam1900,20,3,1,4,3
666,bishop3dcrea,20,3,1,3,4
667,recentchats,20,3,1,2,
668,marconamaste,20,4,1,6,
669,shakhruz,20,4,1,5,2
670,zeos,20,4,1,4,
671,dan1am,20,4,1,3,
672,merivercap,20,4,1,2,
673,jamesmart,20,5,1,6,1
674,jaytaylor-node,20,5,1,5,3
675,timless,20,5,1,4,
676,cacxyz,20,5,1,3,
677,oldtimer,20,5,1,2,
678,thomashallgren,20,6,1,6,1
679,dphillippi,20,6,1,5,2
680,val,20,6,1,4,1
681,daodejing,20,6,1,3,
682,gonflosca,20,6,1,2,2
683,grahappa,20,7,1,6,
684,aguerrido,20,7,1,5,
685,westreich,20,7,1,4,
686,lionflash,20,7,1,3,
687,nudimar,20,7,1,2,
688,dan,21,1,1,6,1
689,lionflash,21,1,1,5,5
690,jseymour,21,1,1,4,
691,dansingjoy,21,1,1,3,5
692,jaytaylor-node,21,1,1,2,3
693,maximcincinnatis,21,1,1,1,
694,novacryptollc,21,2,1,6,
695,aguerrido,21,2,1,5,5
696,highsteam1900,21,2,1,4,3
697,sim31,21,2,1,3,
698,mikelennie,21,2,1,2,
699,val,21,3,1,6,1
700,thomashallgren,21,3,1,5,1
701,stan,21,3,1,4,3
702,daodejing,21,3,1,3,
703,douglasjames,21,3,1,2,
704,jamesmart,21,4,1,6,1
705,wildwex,21,4,1,5,1
706,jessethan,21,4,1,4,
707,bishop3dcrea,21,4,1,3,4
708,shakhruz,21,4,1,2,2
709,zeos,21,4,1,1,5
710,berliangor,21,5,1,6,
711,gonflosca,21,5,1,5,2
712,drew-bop,21,5,1,4,5
713,cacxyz,21,5,1,3,
714,hahn.ryu,21,5,1,2,
715,dphillippi,21,6,1,6,2
716,doingitright,21,6,1,5,1
717,recentchats,21,6,1,4,
718,westreich,21,6,1,3,
719,dan1am,21,6,1,2,
720,mattlangston,21,7,1,6,
721,hachtu,21,7,1,5,2
722,grahappa,21,7,1,4,
723,mototbilisi,21,7,1,3,
724,khoja,21,7,1,2,
725,machnbirdsparo,21,8,1,6,2
726,fractallymike,21,8,1,5,1
727,pnc,21,8,1,4,4
728,markstair,21,8,1,3,
729,nudimar,21,8,1,2,
730,fokenfa,21,8,1,1,
731,merivercap,22,1,1,6,
732,jseymour,22,1,1,5,
733,berliangor,22,1,1,4,
734,daodejing,22,1,1,3,
735,drew-bop,22,1,1,2,5
736,hahn.ryu,22,1,1,1,
737,fractallymike,22,2,1,6,1
738,wildwex,22,2,1,5,1
739,sim31,22,2,1,4,
740,markstair,22,2,1,3,
741,quantumstasis,22,2,1,2,
742,lionflash,22,3,1,6,5
743,jaytaylor-node,22,3,1,5,3
744,mikelennie,22,3,1,4,
745,dan1am,22,3,1,3,
746,brindleswan,22,3,1,2,
747,dan,22,4,1,6,1
748,doingitright,22,4,1,5,1
749,pnc,22,4,1,4,4
750,stan,22,4,1,3,3
751,timless,22,4,1,2,
752,norsegaud,22,4,1,1,
753,mattlangston,22,5,1,6,
754,dansingjoy,22,5,1,5,5
755,marconamaste,22,5,1,4,
756,gonflosca,22,5,1,3,2
757,recentchats,22,5,1,2,
758,val,22,6,1,6,1
759,shakhruz,22,6,1,5,2
760,aguerrido,22,6,1,4,5
761,maximcincinnatis,22,6,1,3,
762,alphacruze1996,22,6,1,2,
763,thomashallgren,22,7,1,6,1
764,westreich,22,7,1,5,
765,novacryptollc,22,7,1,4,5
766,bishop3dcrea,22,7,1,3,4
767,cacxyz,22,7,1,2,
768,khoja,22,7,1,1,
769,dphillippi,22,8,1,6,2
770,vladhive,22,8,1,5,
771,hachtu,22,8,1,4,2
772,machnbirdsparo,22,8,1,3,2
773,highsteam1900,22,8,1,2,3
774,daodejing,23,1,1,3,
775,bishop3dcrea,23,1,1,2,4
776,berliangor,23,1,1,1,
777,dan,23,1,1,,1
778,doingitright,23,1,1,,1
779,jamesmart,23,1,1,,1
780,sebata,23,2,1,3,
781,nathanielherman,23,2,1,2,
782,highsteam1900,23,2,1,,3
783,mikelennie,23,2,1,,
784,nudimar,23,2,1,,
785,val,23,3,1,3,1
786,jaytaylor-node,23,3,1,2,3
787,gonflosca,23,3,1,1,2
788,lionflash,23,3,1,,5
789,pnc,23,3,1,,4
790,shakhruz,23,3,1,,2
791,merivercap,23,4,1,3,
792,cvrizzos108x,23,4,1,2,
793,dansingjoy,23,4,1,,5
794,fractallymike,23,4,1,,1
795,thomashallgren,23,4,1,,1
796,marconamaste,23,5,1,3,
797,mototbilisi,23,5,1,2,
798,machnbirdsparo,23,5,1,1,2
799,jseymour,23,5,1,,
800,mattlangston,23,5,1,,
801,stan,23,5,1,,3
802,recentchats,23,6,1,3,
803,cacxyz,23,6,1,2,
804,aguerrido,23,6,1,,5
805,dphillippi,23,6,1,,2
806,zeos,23,6,1,,5
807,sim31,23,7,1,3,
808,drew-bop,23,7,1,2,5
809,dan1am,23,7,1,1,
810,hachtu,23,7,1,,2
811,novacryptollc,23,7,1,,5
812,wildwex,23,7,1,,1
813,fokenfa,23,8,1,3,
814,tmess,23,8,1,2,3
815,cryptokens,23,8,1,,
816,grahappa,23,8,1,,
817,westreich,23,8,1,,
818,doingitright,23,1,2,8,1
819,hachtu,23,1,2,7,2
820,cryptokens,23,1,2,6,
821,jseymour,23,1,2,5,
822,aguerrido,23,1,2,4,5
823,pnc,23,1,2,3,4
824,dan,23,2,2,8,1
825,dphillippi,23,2,2,7,2
826,lionflash,23,2,2,6,5
827,jamesmart,23,2,2,5,1
828,westreich,23,2,2,4,
829,zeos,23,2,2,3,5
830,fractallymike,23,3,2,8,1
831,thomashallgren,23,3,2,7,1
832,mattlangston,23,3,2,6,
833,shakhruz,23,3,2,5,2
834,highsteam1900,23,3,2,4,3
835,novacryptollc,23,3,2,3,5
836,wildwex,23,4,2,8,1
837,stan,23,4,2,7,3
838,grahappa,23,4,2,6,
839,dansingjoy,23,4,2,5,5
840,mikelennie,23,4,2,4,
841,nudimar,23,4,2,3,
842,maximcincinnatis,24,1,1,3,
843,tmess,24,1,1,2,3
844,cryptokens,24,1,1,,
845,doingitright,24,1,1,,1
846,grahappa,24,1,1,,
847,markstair,24,2,1,3,
848,sagarmathanp,24,2,1,2,
849,fractallymike,24,2,1,,1
850,khoja,24,2,1,,
851,recentchats,24,2,1,,
852,nudimar,24,3,1,3,
853,merivercap,24,3,1,2,
854,dan,24,3,1,,1
855,mattlangston,24,3,1,,
856,thomashallgren,24,3,1,,1
857,thenewlegend,24,4,1,3,
858,mototbilisi,24,4,1,2,
859,daodejing,24,4,1,,
860,marconamaste,24,4,1,,
861,w3max,24,4,1,,
862,sim31,24,5,1,3,
863,gonflosca,24,5,1,2,2
864,sebata,24,5,1,1,
865,dphillippi,24,5,1,,2
866,hachtu,24,5,1,,2
867,val,24,5,1,,1
868,gavrielshaw,24,6,1,3,
869,cacxyz,24,6,1,2,
870,berliangor,24,6,1,1,
871,drew-bop,24,6,1,,5
872,lionflash,24,6,1,,5
873,shakhruz,24,6,1,,2
874,zeos,24,7,1,3,5
875,machnbirdsparo,24,7,1,2,2
876,cvrizzos108x,24,7,1,1,
877,jseymour,24,7,1,,
878,westreich,24,7,1,,
879,wildwex,24,7,1,,1
880,pnc,24,8,1,3,4
881,aguerrido,24,8,1,2,5
882,jessethan,24,8,1,1,
883,dansingjoy,24,8,1,,5
884,highsteam1900,24,8,1,,3
885,stan,24,8,1,,3
886,shakhruz,24,1,2,8,2
887,doingitright,24,1,2,7,1
888,mattlangston,24,1,2,6,
889,dphillippi,24,1,2,5,2
890,highsteam1900,24,1,2,4,3
891,khoja,24,1,2,3,
892,dansingjoy,24,2,2,8,5
893,jseymour,24,2,2,7,
894,hachtu,24,2,2,6,2
895,marconamaste,24,2,2,5,
896,grahappa,24,2,2,4,
897,w3max,24,2,2,3,
898,wildwex,24,3,2,8,1
899,thomashallgren,24,3,2,7,1
900,lionflash,24,3,2,6,5
901,stan,24,3,2,5,3
902,westreich,24,3,2,4,
903,drew-bop,24,3,2,3,5
904,dan,24,4,2,8,1
905,fractallymike,24,4,2,7,1
906,val,24,4,2,6,1
907,daodejing,24,4,2,5,
908,cryptokens,24,4,2,4,
909,recentchats,24,4,2,3,
910,cryptokens,25,1,1,3,
911,merivercap,25,1,1,2,
912,dan,25,1,1,,1
913,doingitright,25,1,1,,1
914,highsteam1900,25,1,1,,3
915,gonflosca,25,2,1,3,2
916,cacxyz,25,2,1,2,
917,sebata,25,2,1,1,
918,daodejing,25,2,1,,
919,fractallymike,25,2,1,,1
920,zeos,25,2,1,,5
921,sim31,25,3,1,3,
922,mototbilisi,25,3,1,2,
923,drew-bop,25,3,1,1,5
924,cvrizzos108x,25,3,1,,
925,pnc,25,3,1,,4
926,stan,25,3,1,,3
927,nudimar,25,4,1,3,
928,berliangor,25,4,1,2,
929,maximcincinnatis,25,4,1,1,
930,khoja,25,4,1,,
931,machnbirdsparo,25,4,1,,2
932,wildwex,25,4,1,,1
933,jseymour,25,5,1,3,
934,dphillippi,25,5,1,2,2
935,zhenek,25,5,1,1,
936,lionflash,25,5,1,,5
937,mattlangston,25,5,1,,
938,val,25,5,1,,1
939,w3max,25,6,1,3,
940,mikelennie,25,6,1,2,
941,thenewlegend,25,6,1,1,
942,hachtu,25,6,1,,2
943,marconamaste,25,6,1,,
944,thomashallgren,25,6,1,,1
945,westreich,25,7,1,3,
946,grahappa,25,7,1,2,
947,markstair,25,7,1,1,
948,aguerrido,25,7,1,,5
949,dansingjoy,25,7,1,,5
950,jamesmart,25,7,1,,1
951,dan,25,1,2,8,1
952,doingitright,25,1,2,7,1
953,mattlangston,25,1,2,6,
954,hachtu,25,1,2,5,2
955,stan,25,1,2,4,3
956,fractallymike,25,2,2,8,1
957,wildwex,25,2,2,7,1
958,jamesmart,25,2,2,6,1
959,cvrizzos108x,25,2,2,5,
960,pnc,25,2,2,4,4
961,zeos,25,2,2,3,5
962,dansingjoy,25,3,2,8,5
963,machnbirdsparo,25,3,2,7,2
964,highsteam1900,25,3,2,6,3
965,marconamaste,25,3,2,5,
966,khoja,25,3,2,4,
967,aguerrido,25,4,2,8,5
968,thomashallgren,25,4,2,7,1
969,val,25,4,2,6,1
970,lionflash,25,4,2,5,5
971,daodejing,25,4,2,4,
972,sim31,26,1,1,3,5
973,jamesmart,26,1,1,,1
974,stan,26,1,1,,3
975,thomashallgren,26,1,1,,1
976,merivercap,26,2,1,3,
977,zhenek,26,2,1,2,
978,berliangor,26,2,1,1,
979,drew-bop,26,2,1,,5
980,fractallymike,26,2,1,,1
981,shakhruz,26,2,1,,2
982,grahappa,26,3,1,3,5
983,marconamaste,26,3,1,2,
984,cacxyz,26,3,1,1,
985,cryptokens,26,3,1,,
986,dphillippi,26,3,1,,2
987,wildwex,26,3,1,,1
988,pnc,26,4,1,3,4
989,highsteam1900,26,4,1,2,3
990,cvrizzos108x,26,4,1,1,
991,jseymour,26,4,1,,
992,lionflash,26,4,1,,5
993,val,26,4,1,,1
994,gonflosca,26,5,1,3,2
995,thoml,26,5,1,2,
996,cjhealthy,26,5,1,,
997,tseyt,26,5,1,,
998,quinn-cunningham,26,5,1,,
999,mototbilisi,26,6,1,3,
1000,markstair,26,6,1,2,
1001,norsegaud,26,6,1,1,
1002,hachtu,26,6,1,,2
1003,w3max,26,6,1,,
1004,westreich,26,6,1,,
1005,zeos,26,7,1,3,5
1006,nicolasdoff,26,7,1,2,4
1007,khoja,26,7,1,,
1008,machnbirdsparo,26,7,1,,2
1009,recentchats,26,7,1,,
1010,novacryptollc,26,8,1,3,5
1011,daodejing,26,8,1,2,
1012,aguerrido,26,8,1,,5
1013,dan,26,8,1,,1
1014,dansingjoy,26,8,1,,5
1015,jseymour,26,1,2,8,
1016,w3max,26,1,2,7,
1017,stan,26,1,2,6,3
1018,recentchats,26,1,2,5,
1019,drew-bop,26,1,2,4,5
1020,quinn-cunningham,26,1,2,3,
1021,dan,26,2,2,8,1
1022,wildwex,26,2,2,7,1
1023,shakhruz,26,2,2,6,2
1024,dansingjoy,26,2,2,5,5
1025,aguerrido,26,2,2,4,5
1026,hachtu,26,2,2,3,2
1027,fractallymike,26,3,2,8,1
1028,dphillippi,26,3,2,7,2
1029,machnbirdsparo,26,3,2,6,2
1030,westreich,26,3,2,5,
1031,khoja,26,3,2,4,
1032,cjhealthy,26,3,2,3,
1033,jamesmart,26,4,2,8,1
1034,lionflash,26,4,2,7,5
1035,val,26,4,2,6,1
1036,thomashallgren,26,4,2,5,1
1037,cryptokens,26,4,2,4,
1038,tseyt,26,4,2,3,
1039,merivercap,27,1,1,3,
1040,markstair,27,1,1,2,
1041,dan1am,27,1,1,1,
1042,dan,27,1,1,,1
1043,dphillippi,27,1,1,,2
1044,wildwex,27,1,1,,1
1045,pnc,27,2,1,3,4
1046,douglasjames,27,2,1,2,
1047,cacxyz,27,2,1,1,
1048,fractallymike,27,2,1,,1
1049,khoja,27,2,1,,
1050,mattlangston,27,2,1,,
1051,artdapp,27,3,1,3,
1052,norsegaud,27,3,1,2,
1053,gokulnk,27,3,1,1,
1054,jamesmart,27,3,1,,1
1055,mikelennie,27,3,1,,
1056,novacryptollc,27,3,1,,5
1057,recentchats,27,4,1,3,
1058,mototbilisi,27,4,1,2,
1059,aguerrido,27,4,1,,5
1060,dansingjoy,27,4,1,,5
1061,val,27,4,1,,1
1062,aguahombre,27,5,1,3,
1063,polackpleb,27,5,1,2,
1064,nicolasdoff,27,5,1,1,4
1065,cjhealthy,27,5,1,,
1066,shakhruz,27,5,1,,2
1067,zeos,27,5,1,,5
1068,sagarmathanp,27,6,1,3,
1069,marconamaste,27,6,1,2,
1070,gonflosca,27,6,1,1,2
1071,highsteam1900,27,6,1,,3
1072,jseymour,27,6,1,,
1073,westreich,27,6,1,,
1074,nudimar,27,7,1,3,
1075,drew-bop,27,7,1,2,5
1076,axai,27,7,1,1,
1077,cvrizzos108x,27,7,1,,
1078,hachtu,27,7,1,,2
1079,machnbirdsparo,27,7,1,,2
1080,lionflash,27,8,1,3,5
1081,pulsex,27,8,1,2,
1082,doingitright,27,8,1,,1
1083,maximcincinnatis,27,8,1,,
1084,thomashallgren,27,8,1,,1
1085,mattlangston,27,1,2,8,
1086,fractallymike,27,1,2,7,1
1087,doingitright,27,1,2,6,1
1088,westreich,27,1,2,5,
1089,machnbirdsparo,27,1,2,4,2
1090,mikelennie,27,1,2,3,
1091,thomashallgren,27,2,2,8,1
1092,wildwex,27,2,2,7,1
1093,shakhruz,27,2,2,6,2
1094,dphillippi,27,2,2,5,2
1095,highsteam1900,27,2,2,4,3
1096,cvrizzos108x,27,2,2,3,
1097,jamesmart,27,3,2,8,1
1098,hachtu,27,3,2,7,2
1099,val,27,3,2,6,1
1100,khoja,27,3,2,5,
1101,zeos,27,3,2,4,5
1102,novacryptollc,27,3,2,3,5
1103,dan,27,4,2,8,1
1104,maximcincinnatis,27,4,2,7,
1105,jseymour,27,4,2,6,
1106,aguerrido,27,4,2,5,5
1107,dansingjoy,27,4,2,4,5
1108,cjhealthy,27,4,2,3,
1109,cryptokens,28,1,1,,
1110,dan,28,1,1,,1
1111,fractallymike,28,1,1,,1
1112,marconamaste,28,1,1,3,
1113,khoja,28,1,1,2,
1114,aguerrido,28,2,1,,5
1115,pnc,28,2,1,,4
1116,thomashallgren,28,2,1,,1
1117,mikelennie,28,2,1,3,
1118,berliangor,28,2,1,2,
1119,mattlangston,28,3,1,,
1120,stan,28,3,1,,3
1121,val,28,3,1,,1
1122,westreich,28,3,1,3,
1123,mototbilisi,28,3,1,2,
1124,lionflash,28,3,1,1,5
1125,dansingjoy,28,4,1,,5
1126,jseymour,28,4,1,,
1127,wildwex,28,4,1,,1
1128,merivercap,28,4,1,3,
1129,fokenfa,28,4,1,2,
1130,nicolasdoff,28,4,1,1,4
1131,cacxyz,28,5,1,,
1132,dphillippi,28,5,1,,2
1133,maximcincinnatis,28,5,1,,
1134,dan1am,28,5,1,3,
1135,chavezpt,28,5,1,2,
1136,highsteam1900,28,6,1,,3
1137,markstair,28,6,1,,
1138,recentchats,28,6,1,,
1139,novacryptollc,28,6,1,3,5
1140,sagarmathanp,28,6,1,2,
1141,andres1138,28,6,1,1,
1142,cvrizzos108x,28,7,1,,
1143,daodejing,28,7,1,,
1144,shakhruz,28,7,1,,2
1145,machnbirdsparo,28,7,1,3,2
1146,nudimar,28,7,1,2,
1147,drew-bop,28,7,1,1,5
1148,dan,28,1,2,8,1
1149,wildwex,28,1,2,7,1
1150,shakhruz,28,1,2,6,2
1151,cryptokens,28,1,2,5,
1152,markstair,28,1,2,4,
1153,fractallymike,28,2,2,8,1
1154,aguerrido,28,2,2,7,5
1155,maximcincinnatis,28,2,2,6,
1156,stan,28,2,2,5,3
1157,cacxyz,28,2,2,4,
1158,jseymour,28,3,2,8,
1159,thomashallgren,28,3,2,7,1
1160,val,28,3,2,6,1
1161,mattlangston,28,3,2,5,
1162,dansingjoy,28,3,2,4,5
1163,highsteam1900,28,3,2,3,3
1164,recentchats,28,4,2,8,
1165,pnc,28,4,2,7,4
1166,cvrizzos108x,28,4,2,6,
1167,dphillippi,28,4,2,5,2
1168,daodejing,28,4,2,4,
1169,markstair,29,1,1,,
1170,sim31,29,1,1,,5
1171,wildwex,29,1,1,,1
1172,bishop3dcrea,29,1,1,3,4
1173,marconamaste,29,1,1,2,
1174,doingitright,29,2,1,,1
1175,mattlangston,29,2,1,,
1176,pnc,29,2,1,,4
1177,cvrizzos108x,29,2,1,3,
1178,mikelennie,29,2,1,2,
1179,cacxyz,29,2,1,1,
1180,novacryptollc,29,3,1,,5
1181,shakhruz,29,3,1,,2
1182,stan,29,3,1,,3
1183,amih,29,3,1,3,
1184,gonflosca,29,3,1,2,2
1185,dphillippi,29,4,1,,2
1186,highsteam1900,29,4,1,,3
1187,thomashallgren,29,4,1,,1
1188,nudimar,29,4,1,3,
1189,berliangor,29,4,1,2,
1190,cjhealthy,29,4,1,1,
1191,fokenfa,29,5,1,,
1192,jseymour,29,5,1,,
1193,recentchats,29,5,1,,
1194,westreich,29,5,1,3,
1195,drew-bop,29,5,1,2,5
1196,mototbilisi,29,5,1,1,
1197,dansingjoy,29,6,1,,5
1198,fractallymike,29,6,1,,1
1199,lionflash,29,6,1,,5
1200,soberalgo,29,6,1,3,
1201,zeos,29,6,1,2,5
1202,cryptokens,29,6,1,1,
1203,aguerrido,29,7,1,,5
1204,hachtu,29,7,1,,2
1205,val,29,7,1,,1
1206,machnbirdsparo,29,7,1,3,2
1207,higherdimension,29,7,1,2,
1208,thomashallgren,29,1,2,8,1
1209,wildwex,29,1,2,7,1
1210,dphillippi,29,1,2,6,2
1211,pnc,29,1,2,5,4
1212,sim31,29,1,2,4,5
1213,mattlangston,29,2,2,8,
1214,lionflash,29,2,2,7,5
1215,doingitright,29,2,2,6,1
1216,highsteam1900,29,2,2,5,3
1217,fokenfa,29,2,2,4,
1218,fractallymike,29,3,2,8,1
1219,dansingjoy,29,3,2,7,5
1220,val,29,3,2,6,1
1221,shakhruz,29,3,2,5,2
1222,novacryptollc,29,3,2,4,5
1223,jseymour,29,4,2,8,
1224,aguerrido,29,4,2,7,5
1225,stan,29,4,2,6,3
1226,recentchats,29,4,2,5,
1227,hachtu,29,4,2,4,2
1228,markstair,29,4,2,3,